num_items,time(s),algorithm
0,8.399999998687235e-06,builtin
0,2.9999999995311555e-06,mergesort
1000,0.00017970000000033792,builtin
1000,0.006608100000001116,mergesort
2000,0.0004959000000006597,builtin
2000,0.01095589999999902,mergesort
3000,0.0006534999999985303,builtin
3000,0.022105100000000988,mergesort
4000,0.0010783999999972593,builtin
4000,0.02439099999999783,mergesort
5000,0.0014618000000012898,builtin
5000,0.026708199999998072,mergesort
6000,0.0017056999999987,builtin
6000,0.032257699999998835,mergesort
7000,0.0020783000000008656,builtin
7000,0.07150269999999992,mergesort
8000,0.0024824000000052138,builtin
8000,0.05083110000000346,mergesort
9000,0.0030051000000028694,builtin
9000,0.05616810000000072,mergesort
10000,0.0034289000000029546,builtin
10000,0.05997469999999794,mergesort
11000,0.003571199999996111,builtin
11000,0.09643789999999797,mergesort
12000,0.005136699999994221,builtin
12000,0.08566309999999788,mergesort
13000,0.004502600000002133,builtin
13000,0.09216550000000012,mergesort
14000,0.004785300000001769,builtin
14000,0.10003830000000136,mergesort
15000,0.005154599999997345,builtin
15000,0.12387879999999996,mergesort
16000,0.0066369999999977836,builtin
16000,0.1537873999999988,mergesort
17000,0.007496699999997247,builtin
17000,0.16234939999999654,mergesort
18000,0.010065900000000738,builtin
18000,0.3601311999999979,mergesort
19000,0.013216399999997464,builtin
19000,0.1474831000000023,mergesort
20000,0.00788130000000109,builtin
20000,0.21970420000000246,mergesort
21000,0.013211399999995876,builtin
21000,0.4139599000000018,mergesort
22000,0.00881559999999837,builtin
22000,0.19225239999999388,mergesort
23000,0.010679500000001951,builtin
23000,0.17458520000000277,mergesort
24000,0.010202999999997076,builtin
24000,0.15001529999999974,mergesort
25000,0.013984400000005337,builtin
25000,0.2890383999999955,mergesort
26000,0.010535300000000802,builtin
26000,0.1621073000000024,mergesort
27000,0.011099199999996756,builtin
27000,0.1824167999999986,mergesort
28000,0.011113799999996843,builtin
28000,0.1892111000000014,mergesort
29000,0.013427700000001153,builtin
29000,0.38161259999999686,mergesort
30000,0.011605499999994606,builtin
30000,0.2600566999999998,mergesort
31000,0.013711600000000601,builtin
31000,0.3001931000000013,mergesort
32000,0.01661059999999992,builtin
32000,0.24157950000000028,mergesort
33000,0.013173600000001784,builtin
33000,0.24467320000000115,mergesort
34000,0.014806899999996403,builtin
34000,0.2783463000000026,mergesort
35000,0.014367599999999925,builtin
35000,0.25664139999999946,mergesort
36000,0.015112699999995982,builtin
36000,0.5627945000000025,mergesort
37000,0.023013200000001177,builtin
37000,0.38929189999999636,mergesort
38000,0.021108200000000465,builtin
38000,0.27254589999999723,mergesort
39000,0.017482399999998677,builtin
39000,0.47539730000000446,mergesort
40000,0.017701399999999978,builtin
40000,0.34450600000000264,mergesort
41000,0.01693379999999678,builtin
41000,0.2940583000000032,mergesort
42000,0.017245799999997757,builtin
42000,0.3132905000000008,mergesort
43000,0.018112200000004464,builtin
43000,0.2829042000000044,mergesort
44000,0.019188999999997236,builtin
44000,0.3252606,mergesort
45000,0.019072200000003647,builtin
45000,0.3150377999999989,mergesort
46000,0.020648600000001238,builtin
46000,0.3352188999999939,mergesort
47000,0.019657100000003425,builtin
47000,0.3202309999999997,mergesort
48000,0.02184220000000181,builtin
48000,0.32209970000000254,mergesort
49000,0.022449600000001624,builtin
49000,0.33551890000000384,mergesort
50000,0.021129999999999427,builtin
50000,0.34182100000000304,mergesort
51000,0.021290899999996782,builtin
51000,0.334488400000005,mergesort
52000,0.022367500000001428,builtin
52000,0.38441850000000244,mergesort
53000,0.024934399999999357,builtin
53000,0.38415889999999564,mergesort
54000,0.026299200000003964,builtin
54000,0.37073290000000014,mergesort
55000,0.02488530000000111,builtin
55000,0.37237239999999616,mergesort
56000,0.02376519999999971,builtin
56000,0.38507330000000195,mergesort
57000,0.025755799999998885,builtin
57000,0.5200101000000004,mergesort
58000,0.026901399999999853,builtin
58000,0.6114171000000042,mergesort
59000,0.02768869999999879,builtin
59000,0.5083213999999998,mergesort
60000,0.025844800000001555,builtin
60000,0.43353489999999795,mergesort
61000,0.027045399999998665,builtin
61000,0.4172346999999945,mergesort
62000,0.026679599999994252,builtin
62000,0.6433303999999964,mergesort
63000,0.02992619999999846,builtin
63000,0.48190819999999945,mergesort
64000,0.02830250000000234,builtin
64000,0.4581502000000057,mergesort
65000,0.02887309999999843,builtin
65000,0.5207104999999999,mergesort
66000,0.028601099999995938,builtin
66000,0.47532979999999725,mergesort
67000,0.0289968000000016,builtin
67000,0.4748374999999996,mergesort
68000,0.030339299999994296,builtin
68000,0.46764340000000004,mergesort
69000,0.031204600000002358,builtin
69000,0.4818858000000006,mergesort
70000,0.0317545999999993,builtin
70000,0.4841387000000026,mergesort
71000,0.032092200000001014,builtin
71000,0.5259193000000053,mergesort
72000,0.03275680000000136,builtin
72000,0.5671395999999973,mergesort
73000,0.04174450000000007,builtin
73000,0.5066897999999966,mergesort
74000,0.0340010000000035,builtin
74000,0.5283712999999963,mergesort
75000,0.03735489999999686,builtin
75000,0.5373221000000044,mergesort
76000,0.03406769999999426,builtin
76000,0.5674833999999933,mergesort
77000,0.03495449999999778,builtin
77000,0.5490187999999989,mergesort
78000,0.0353245999999956,builtin
78000,0.5551391000000052,mergesort
79000,0.03640900000000613,builtin
79000,0.6174975000000131,mergesort
80000,0.036482000000006565,builtin
80000,0.5920784000000054,mergesort
81000,0.03683919999998864,builtin
81000,0.7756605000000008,mergesort
82000,0.04150729999999214,builtin
82000,0.7639609000000007,mergesort
83000,0.038299200000011524,builtin
83000,0.6059389999999922,mergesort
84000,0.04401349999999127,builtin
84000,0.6103542000000033,mergesort
85000,0.09069859999999608,builtin
85000,0.796436700000001,mergesort
86000,0.03933579999998926,builtin
86000,0.6293344999999988,mergesort
87000,0.04271029999999598,builtin
87000,0.6975624000000096,mergesort
88000,0.04269329999999627,builtin
88000,0.6892860000000098,mergesort
89000,0.05229959999999778,builtin
89000,0.8886574999999937,mergesort
90000,0.04480089999999848,builtin
90000,0.7255244999999917,mergesort
91000,0.04744170000000736,builtin
91000,0.966533400000003,mergesort
92000,0.05773289999999065,builtin
92000,0.8602741999999921,mergesort
93000,0.04427820000000793,builtin
93000,0.7101695000000063,mergesort
94000,0.044490300000006755,builtin
94000,0.9483675999999974,mergesort
95000,0.04471370000000263,builtin
95000,0.6958101999999968,mergesort
96000,0.04679389999999728,builtin
96000,0.747433799999996,mergesort
97000,0.048533599999998955,builtin
97000,0.6884947000000068,mergesort
98000,0.04887540000000001,builtin
98000,0.763033099999987,mergesort
99000,0.04663879999999665,builtin
99000,0.8687534999999968,mergesort
100000,0.06014079999999922,builtin
100000,0.921095600000001,mergesort
101000,0.06292990000000032,builtin
101000,0.9455524999999909,mergesort
102000,0.048204999999995835,builtin
102000,0.7515524000000084,mergesort
103000,0.04887669999999389,builtin
103000,0.7975004999999982,mergesort
104000,0.048845200000002365,builtin
104000,0.7663060000000002,mergesort
105000,0.05042349999999374,builtin
105000,0.7718630999999903,mergesort
106000,0.05535820000000058,builtin
106000,0.7934527000000031,mergesort
107000,0.059800000000009845,builtin
107000,0.8113716000000011,mergesort
108000,0.05306630000001178,builtin
108000,0.872275799999997,mergesort
109000,0.05654539999999031,builtin
109000,0.8507390000000044,mergesort
110000,0.0652355,builtin
110000,0.8243769999999984,mergesort
111000,0.054958300000009785,builtin
111000,0.8878180999999898,mergesort
112000,0.10491729999999677,builtin
112000,1.638381200000012,mergesort
113000,0.06319829999999627,builtin
113000,0.8922952999999865,mergesort
114000,0.06024279999999749,builtin
114000,0.9228492000000017,mergesort
115000,0.05944389999999089,builtin
115000,0.9698398000000026,mergesort
116000,0.06121330000000569,builtin
116000,0.9230239999999981,mergesort
117000,0.05699520000000291,builtin
117000,0.912241999999992,mergesort
118000,0.058718500000011886,builtin
118000,0.9771240000000034,mergesort
119000,0.062144199999991656,builtin
119000,0.9592700000000036,mergesort
120000,0.05878549999999905,builtin
120000,0.9089419999999961,mergesort
121000,0.06535100000000682,builtin
121000,0.9336459000000019,mergesort
122000,0.06348500000000001,builtin
122000,0.9071268999999944,mergesort
123000,0.06268269999999632,builtin
123000,0.9019581999999957,mergesort
124000,0.06358470000000693,builtin
124000,0.9422975000000093,mergesort
125000,0.062054899999992585,builtin
125000,0.9356646999999896,mergesort
126000,0.06291749999999752,builtin
126000,0.9479518999999925,mergesort
127000,0.06835010000000352,builtin
127000,1.136289700000006,mergesort
128000,0.08411700000000621,builtin
128000,1.2354442999999975,mergesort
129000,0.07690309999999556,builtin
129000,1.0584036000000054,mergesort
130000,0.06809780000000387,builtin
130000,1.286337599999996,mergesort
131000,0.06818219999999542,builtin
131000,1.6060563000000059,mergesort
132000,0.07138399999999478,builtin
132000,1.2629287999999974,mergesort
133000,0.07860790000000861,builtin
133000,1.1314840999999944,mergesort
134000,0.12649640000000772,builtin
134000,1.3177936000000159,mergesort
135000,0.06861469999998349,builtin
135000,1.057251199999996,mergesort
136000,0.07415759999997817,builtin
136000,1.0440960999999902,mergesort
137000,0.0694105000000036,builtin
137000,1.1088567000000182,mergesort
138000,0.08293720000000349,builtin
138000,1.5379139000000066,mergesort
139000,0.09084679999998002,builtin
139000,1.109269100000006,mergesort
140000,0.12561720000002197,builtin
140000,1.6429095000000018,mergesort
141000,0.13060310000000186,builtin
141000,1.532901800000019,mergesort
142000,0.0730101999999988,builtin
142000,1.1094363999999928,mergesort
143000,0.0796765999999991,builtin
143000,1.1325362999999982,mergesort
144000,0.08107739999999808,builtin
144000,1.1074954999999989,mergesort
145000,0.0748499000000038,builtin
145000,1.5133883000000026,mergesort
146000,0.07683739999998807,builtin
146000,1.1305516000000182,mergesort
147000,0.07565710000000081,builtin
147000,1.219986199999994,mergesort
148000,0.0882902000000172,builtin
148000,1.1929556000000048,mergesort
149000,0.07672320000000354,builtin
149000,1.1222445999999877,mergesort
150000,0.0835751999999843,builtin
150000,1.314973899999984,mergesort
151000,0.0827797999999973,builtin
151000,1.521843199999978,mergesort
152000,0.0792609000000084,builtin
152000,1.1931464000000176,mergesort
153000,0.0820113000000049,builtin
153000,1.1585000000000036,mergesort
154000,0.10119180000000938,builtin
154000,1.232340899999997,mergesort
155000,0.08304210000000012,builtin
155000,1.1425837999999828,mergesort
156000,0.08095339999999851,builtin
156000,1.183143599999994,mergesort
157000,0.08472240000000397,builtin
157000,1.2503036999999892,mergesort
158000,0.08710130000000049,builtin
158000,1.2647558000000174,mergesort
159000,0.09516379999999458,builtin
159000,1.6213146999999992,mergesort
160000,0.08512020000000575,builtin
160000,1.2095809000000202,mergesort
161000,0.08525119999998765,builtin
161000,1.357953899999984,mergesort
162000,0.09026020000001722,builtin
162000,1.387492100000003,mergesort
163000,0.0911767999999995,builtin
163000,1.7116980999999782,mergesort
164000,0.11111700000000724,builtin
164000,1.6865987999999845,mergesort
165000,0.10576299999999605,builtin
165000,1.241437999999988,mergesort
166000,0.08889659999999822,builtin
166000,1.622680900000006,mergesort
167000,0.10202049999998053,builtin
167000,1.5450186999999858,mergesort
168000,0.09839670000002343,builtin
168000,2.0552149999999756,mergesort
169000,0.08920249999999896,builtin
169000,1.299001699999991,mergesort
170000,0.09194480000002159,builtin
170000,1.5063800000000072,mergesort
171000,0.09078389999999104,builtin
171000,1.851674800000012,mergesort
172000,0.11705209999999511,builtin
172000,1.6504414999999995,mergesort
173000,0.11045219999999745,builtin
173000,2.000478600000008,mergesort
174000,0.10630310000001941,builtin
174000,1.2865513000000135,mergesort
175000,0.09377969999999891,builtin
175000,1.8807504999999765,mergesort
176000,0.10757069999999658,builtin
176000,1.6570308000000011,mergesort
177000,0.36885350000000017,builtin
177000,1.8852402999999924,mergesort
178000,0.11616269999998963,builtin
178000,1.3901237999999978,mergesort
179000,0.10477769999999964,builtin
179000,1.3870895000000019,mergesort
180000,0.09788669999997524,builtin
180000,1.452330399999994,mergesort
181000,0.12049430000001848,builtin
181000,1.613976799999989,mergesort
182000,0.11440150000001381,builtin
182000,1.8189344000000176,mergesort
183000,0.09977149999997437,builtin
183000,1.5384673000000078,mergesort
184000,0.10338790000000131,builtin
184000,1.5142010000000141,mergesort
185000,0.13564239999999472,builtin
185000,2.4304362000000026,mergesort
186000,0.10674119999998766,builtin
186000,1.418521499999997,mergesort
187000,0.19748780000000465,builtin
187000,1.752851800000002,mergesort
188000,0.13575779999999327,builtin
188000,1.5862419999999986,mergesort
189000,0.10531570000000556,builtin
189000,1.4503850000000114,mergesort
190000,0.10386429999999791,builtin
190000,1.5310276000000158,mergesort
191000,0.11312049999997953,builtin
191000,1.6257315999999946,mergesort
192000,0.7256862000000126,builtin
192000,8.699313000000018,mergesort
193000,0.2848993000000064,builtin
193000,2.267590699999971,mergesort
194000,0.1579065999999898,builtin
194000,3.3491394999999784,mergesort
195000,0.16155229999998255,builtin
195000,4.431555399999979,mergesort
196000,0.28307160000002796,builtin
196000,1.8156432999999765,mergesort
197000,0.745307299999979,builtin
197000,6.004108799999983,mergesort
198000,0.18254190000004655,builtin
198000,2.806094500000029,mergesort
199000,0.12598819999999478,builtin
199000,1.9382956000000036,mergesort
200000,0.13042649999999867,builtin
200000,2.3839055999999914,mergesort
201000,0.15283059999995885,builtin
201000,3.5467823999999837,mergesort
202000,0.1197477000000049,builtin
202000,3.3309292999999798,mergesort
203000,0.15376550000001998,builtin
203000,1.7264018000000192,mergesort
204000,0.2307363000000464,builtin
204000,2.1381412999999725,mergesort
205000,0.14365430000003698,builtin
205000,2.406913099999997,mergesort
206000,0.12931019999996352,builtin
206000,2.182929999999999,mergesort
207000,0.14228810000003023,builtin
207000,1.591000500000007,mergesort
208000,0.11622770000002447,builtin
208000,1.639841199999978,mergesort
209000,0.11801489999999148,builtin
209000,1.7886035999999876,mergesort
210000,0.14033050000000458,builtin
210000,1.8714416999999912,mergesort
211000,0.14364689999996472,builtin
211000,2.385025799999994,mergesort
212000,0.1303323000000205,builtin
212000,2.071585700000014,mergesort
213000,0.16898549999996249,builtin
213000,2.0472544000000426,mergesort
214000,0.12510370000001103,builtin
214000,1.6933586000000105,mergesort
215000,0.12291149999998652,builtin
215000,1.7282968000000096,mergesort
216000,0.12883440000001656,builtin
216000,2.6754331999999863,mergesort
217000,0.31973509999994576,builtin
217000,3.4213785999999686,mergesort
218000,0.1661123999999745,builtin
218000,3.096705199999974,mergesort
219000,0.2890757999999778,builtin
219000,2.852892900000029,mergesort
220000,0.12643090000000257,builtin
220000,2.8674523999999906,mergesort
221000,0.22923639999999068,builtin
221000,1.692597200000023,mergesort
222000,0.14643110000002935,builtin
222000,1.7021925999999894,mergesort
223000,0.13141650000000027,builtin
223000,1.843628600000045,mergesort
224000,0.13693790000002082,builtin
224000,1.8010666999999785,mergesort
225000,0.18372319999997444,builtin
225000,1.8067462000000205,mergesort
226000,0.12903479999999945,builtin
226000,1.8327194000000304,mergesort
227000,0.13018449999998438,builtin
227000,2.490277800000001,mergesort
228000,0.15644689999999173,builtin
228000,3.3202184000000443,mergesort
229000,0.14246950000000425,builtin
229000,2.7699597000000153,mergesort
230000,0.13337730000000647,builtin
230000,2.8125457999999526,mergesort
231000,0.17503260000000864,builtin
231000,1.8470625000000496,mergesort
232000,0.1340891000000397,builtin
232000,1.9315629000000172,mergesort
233000,0.13439859999999726,builtin
233000,2.055880399999978,mergesort
234000,0.1380151999999839,builtin
234000,1.8209165000000098,mergesort
235000,0.13686400000000276,builtin
235000,1.8427841999999828,mergesort
236000,0.13546700000000556,builtin
236000,1.833269600000051,mergesort
237000,0.1356122000000255,builtin
237000,1.9200464999999554,mergesort
238000,0.13684540000002698,builtin
238000,2.0038955999999644,mergesort
239000,0.13755599999996093,builtin
239000,1.9064130000000432,mergesort
240000,0.14230530000003228,builtin
240000,1.8237679999999727,mergesort
241000,0.1379488999999694,builtin
241000,2.088250799999969,mergesort
242000,0.13844729999999572,builtin
242000,1.912329800000009,mergesort
243000,0.1404377999999724,builtin
243000,2.145340199999964,mergesort
244000,0.13999640000002955,builtin
244000,2.0542904000000135,mergesort
245000,0.14246250000002192,builtin
245000,1.9643793999999843,mergesort
246000,0.14570390000000089,builtin
246000,2.5080158999999753,mergesort
247000,0.20465679999995245,builtin
247000,2.0047265999999695,mergesort
248000,0.1484590999999682,builtin
248000,1.9597819999999615,mergesort
249000,0.1473828000000026,builtin
249000,2.1776501999999596,mergesort
250000,0.15044239999997444,builtin
250000,1.9661922000000231,mergesort
251000,0.1452647000000411,builtin
251000,1.9711125999999695,mergesort
252000,0.15448359999999184,builtin
252000,1.9441941000000043,mergesort
253000,0.1470109999999636,builtin
253000,2.078628299999991,mergesort
254000,0.1768458000000237,builtin
254000,2.2315380000000005,mergesort
255000,0.21677610000000413,builtin
255000,2.1759221000000366,mergesort
256000,0.15407529999998815,builtin
256000,2.210264299999949,mergesort
257000,0.1755459999999971,builtin
257000,2.0704419999999573,mergesort
258000,0.17779070000000274,builtin
258000,2.929451599999993,mergesort
259000,0.18640069999997877,builtin
259000,2.3551102999999785,mergesort
260000,0.16928489999997964,builtin
260000,2.979181800000049,mergesort
261000,0.15550369999999702,builtin
261000,2.1627419000000145,mergesort
262000,0.15475739999999405,builtin
262000,2.1312426000000073,mergesort
263000,0.15483479999994643,builtin
263000,2.0973730000000046,mergesort
264000,0.15806150000003072,builtin
264000,2.6549782000000164,mergesort
265000,0.18005759999999782,builtin
265000,2.4777795999999626,mergesort
266000,0.15750889999998208,builtin
266000,2.1295842000000107,mergesort
267000,0.16352990000001455,builtin
267000,2.1269776999999976,mergesort
268000,0.16347859999996217,builtin
268000,2.254009099999962,mergesort
269000,0.16437900000005357,builtin
269000,2.344405800000004,mergesort
270000,0.20869100000004437,builtin
270000,2.949376499999971,mergesort
271000,0.1627766999999949,builtin
271000,2.1369072999999617,mergesort
272000,0.16262059999996836,builtin
272000,2.1260804999999436,mergesort
273000,0.16245099999991908,builtin
273000,2.2974973999999975,mergesort
274000,0.16554759999996804,builtin
274000,2.4276283000000376,mergesort
275000,0.16570530000001327,builtin
275000,2.4064230999999836,mergesort
276000,0.18900470000005498,builtin
276000,2.3473285000000033,mergesort
277000,0.23633350000000064,builtin
277000,2.604196600000023,mergesort
278000,0.16931270000009135,builtin
278000,2.1679240999999365,mergesort
279000,0.1669034000000238,builtin
279000,2.326308499999982,mergesort
280000,0.20034959999998136,builtin
280000,2.5963807000000543,mergesort
281000,0.16838859999995748,builtin
281000,2.282861300000036,mergesort
282000,0.16741209999997864,builtin
282000,2.4789374999999154,mergesort
283000,0.18584409999994023,builtin
283000,2.389141899999913,mergesort
284000,0.1974556999999777,builtin
284000,2.3858068000000685,mergesort
285000,0.17036719999998695,builtin
285000,2.447838700000034,mergesort
286000,0.19949100000008002,builtin
286000,2.5701172999999926,mergesort
287000,0.1718717999999626,builtin
287000,2.6370271999999204,mergesort
288000,0.17297199999995883,builtin
288000,3.9166331000000127,mergesort
289000,0.18290840000008757,builtin
289000,2.502970600000026,mergesort
290000,0.2133912000000464,builtin
290000,3.400468900000078,mergesort
291000,0.17488320000006752,builtin
291000,2.4622610000000122,mergesort
292000,0.1782417000000578,builtin
292000,2.777666599999975,mergesort
293000,0.1820257000000538,builtin
293000,2.5528783000000885,mergesort
294000,0.17462729999999738,builtin
294000,2.5061355000000276,mergesort
295000,0.17960980000009386,builtin
295000,2.64358279999999,mergesort
296000,0.18323179999993044,builtin
296000,2.761887500000057,mergesort
297000,0.24072019999994154,builtin
297000,2.764177399999994,mergesort
298000,0.20588969999994333,builtin
298000,2.6080484000000297,mergesort
299000,0.17860910000001695,builtin
299000,2.5620840999999928,mergesort
300000,0.1873540999999932,builtin
300000,2.5497500000000173,mergesort
301000,0.18281009999998332,builtin
301000,2.7519580000000587,mergesort
302000,0.18195049999997082,builtin
302000,2.738587800000005,mergesort
303000,0.18823190000000523,builtin
303000,2.638620299999957,mergesort
304000,0.1841985000000932,builtin
304000,2.641241300000047,mergesort
305000,0.18413359999999557,builtin
305000,3.3368663999999626,mergesort
306000,0.19042369999999664,builtin
306000,2.9643492999999808,mergesort
307000,0.19018749999997908,builtin
307000,2.5990820000000667,mergesort
308000,0.23699060000001282,builtin
308000,2.965608399999951,mergesort
309000,0.18621589999997923,builtin
309000,3.1032398999999486,mergesort
310000,0.22151860000008128,builtin
310000,2.650786499999981,mergesort
311000,0.1962561000000278,builtin
311000,2.7424733999999944,mergesort
312000,0.19683549999990646,builtin
312000,2.913945799999965,mergesort
313000,0.19546569999999974,builtin
313000,2.6818274000000883,mergesort
314000,0.1913969999999381,builtin
314000,2.7745248999999603,mergesort
315000,0.19344580000006317,builtin
315000,3.2098115000000007,mergesort
316000,0.19268959999999424,builtin
316000,2.781008199999974,mergesort
317000,0.20006120000005012,builtin
317000,2.7668279000000666,mergesort
318000,0.2247652000000926,builtin
318000,2.9900579999999763,mergesort
319000,0.19667739999999867,builtin
319000,3.3136498000000074,mergesort
320000,0.2216848000000482,builtin
320000,3.0342192000000523,mergesort
321000,0.20886450000000423,builtin
321000,2.816591399999993,mergesort
322000,0.19891979999999876,builtin
322000,2.8421551000000136,mergesort
323000,0.20818499999995765,builtin
323000,2.8638766999999916,mergesort
324000,0.20228740000004564,builtin
324000,3.88114250000001,mergesort
325000,0.19774359999996705,builtin
325000,3.0089318000000276,mergesort
326000,0.1995911999999862,builtin
326000,2.8546543999999585,mergesort
327000,0.20578769999997348,builtin
327000,2.809424100000001,mergesort
328000,0.2045740000000933,builtin
328000,2.978871300000037,mergesort
329000,0.20101309999995465,builtin
329000,3.4175599000000147,mergesort
330000,0.2042090999999573,builtin
330000,2.9071025999999165,mergesort
331000,0.23174989999995432,builtin
331000,2.983961700000009,mergesort
332000,0.21468829999992067,builtin
332000,2.913777600000003,mergesort
333000,0.2118914999999788,builtin
333000,2.961616999999933,mergesort
334000,0.21247779999998784,builtin
334000,2.898105399999963,mergesort
335000,0.21018759999992653,builtin
335000,3.1837624999999434,mergesort
336000,0.2601785000000518,builtin
336000,3.5140872999999146,mergesort
337000,0.23420009999995273,builtin
337000,3.3132532000000765,mergesort
338000,0.20887019999997847,builtin
338000,4.0372500999999374,mergesort
339000,0.22782710000001316,builtin
339000,3.045912700000031,mergesort
340000,0.21031829999992624,builtin
340000,2.8849554000000808,mergesort
341000,0.2102574000000459,builtin
341000,2.987128900000016,mergesort
342000,0.215053199999943,builtin
342000,3.0547943999999916,mergesort
343000,0.211815500000057,builtin
343000,2.941347999999948,mergesort
344000,0.21423429999993004,builtin
344000,3.039937000000009,mergesort
345000,0.21713330000000042,builtin
345000,3.085776199999941,mergesort
346000,0.2211938000000373,builtin
346000,2.98065280000003,mergesort
347000,0.21487919999992755,builtin
347000,3.0282748000000765,mergesort
348000,0.21697210000002087,builtin
348000,3.0888976999999613,mergesort
349000,0.22298169999999118,builtin
349000,3.0012903000000506,mergesort
350000,0.2192165000000159,builtin
350000,3.1191584000000603,mergesort
351000,0.22322600000006787,builtin
351000,3.181374499999947,mergesort
352000,0.24086780000004637,builtin
352000,3.103018700000007,mergesort
353000,0.22061760000008235,builtin
353000,3.211928100000023,mergesort
354000,0.22852030000001378,builtin
354000,3.1747416000000612,mergesort
355000,0.22350679999999556,builtin
355000,3.5702483999999686,mergesort
356000,0.2331506000000445,builtin
356000,3.4325694999999996,mergesort
357000,0.2382162999999764,builtin
357000,3.0981113000000278,mergesort
358000,0.22592489999999543,builtin
358000,3.18589129999998,mergesort
359000,0.25489070000003267,builtin
359000,3.250441100000103,mergesort
360000,0.23951110000007247,builtin
360000,3.44345270000008,mergesort
361000,0.24066110000001117,builtin
361000,4.10555480000005,mergesort
362000,0.30349469999998746,builtin
362000,3.176716000000056,mergesort
363000,0.22969369999998435,builtin
363000,3.1925443999999743,mergesort
364000,0.24591390000000501,builtin
364000,3.757139099999904,mergesort
365000,0.28916739999999663,builtin
365000,3.606407900000022,mergesort
366000,0.24482100000000173,builtin
366000,4.0504260999999815,mergesort
367000,0.34912450000001627,builtin
367000,3.2592423999999482,mergesort
368000,0.24307710000005045,builtin
368000,3.5132211000000098,mergesort
369000,0.23454049999998006,builtin
369000,3.770067699999913,mergesort
370000,0.25149550000003273,builtin
370000,3.340895199999977,mergesort
371000,0.3632006000000274,builtin
371000,3.69785980000006,mergesort
372000,0.2774051999999756,builtin
372000,3.3519865000000664,mergesort
373000,0.2383725999999342,builtin
373000,3.2785769000000755,mergesort
374000,0.24790969999992285,builtin
374000,3.345928699999945,mergesort
375000,0.2712803999999096,builtin
375000,3.3126651999999694,mergesort
376000,0.24524320000000444,builtin
376000,3.3417928000000074,mergesort
377000,0.2401766000000407,builtin
377000,3.343086200000016,mergesort
378000,0.25077060000000984,builtin
378000,3.3369569000000183,mergesort
379000,0.243892800000026,builtin
379000,3.525124099999971,mergesort
380000,0.24420520000001034,builtin
380000,3.475586499999963,mergesort
381000,0.24252979999994295,builtin
381000,3.3872210000000678,mergesort
382000,0.2969922999999426,builtin
382000,4.545538899999997,mergesort
383000,0.2601504000000432,builtin
383000,3.3569340999999895,mergesort
384000,0.2439732999999933,builtin
384000,3.457528000000025,mergesort
385000,0.2461863999999423,builtin
385000,3.82519549999995,mergesort
386000,0.2464273000000503,builtin
386000,3.4779661000000033,mergesort
387000,0.24736410000002707,builtin
387000,3.5852144999998927,mergesort
388000,0.2506826999999703,builtin
388000,3.4778541000000587,mergesort
389000,0.25251619999994546,builtin
389000,3.519923399999925,mergesort
390000,0.24938059999999496,builtin
390000,3.459384499999942,mergesort
391000,0.2588858000001437,builtin
391000,3.5175136999998813,mergesort
392000,0.27121950000014294,builtin
392000,3.5048417000000427,mergesort
393000,0.2569513000000825,builtin
393000,3.6116188999999395,mergesort
394000,0.26740640000002713,builtin
394000,3.786651699999993,mergesort
395000,0.25476709999998093,builtin
395000,3.494021200000134,mergesort
396000,0.26290720000019974,builtin
396000,3.5395851000000675,mergesort
397000,0.2644627000001947,builtin
397000,3.8343932000000223,mergesort
398000,0.2585315000001174,builtin
398000,3.522894899999983,mergesort
399000,0.2713648999999805,builtin
399000,4.169111000000157,mergesort
400000,0.2654910999999629,builtin
400000,3.689586099999815,mergesort
401000,0.30167660000006435,builtin
401000,4.373623400000042,mergesort
402000,0.3366484999999102,builtin
402000,4.451453299999912,mergesort
403000,0.29145050000010997,builtin
403000,4.038060200000018,mergesort
404000,0.2639847999998892,builtin
404000,3.629971699999942,mergesort
405000,0.26155629999993835,builtin
405000,3.5550804999998036,mergesort
406000,0.26225589999990007,builtin
406000,3.8394369000000097,mergesort
407000,0.2644330999999056,builtin
407000,3.568876199999977,mergesort
408000,0.26358200000004217,builtin
408000,3.607006000000183,mergesort
409000,0.2712738000000172,builtin
409000,3.6434547999999722,mergesort
410000,0.2943515000001753,builtin
410000,4.213150099999893,mergesort
411000,0.28714100000001963,builtin
411000,3.6483009000000948,mergesort
412000,0.28489089999993666,builtin
412000,3.867015899999842,mergesort
413000,0.2681122999999843,builtin
413000,3.623084199999994,mergesort
414000,0.266454099999919,builtin
414000,3.612190599999849,mergesort
415000,0.27073040000004767,builtin
415000,3.6952057999999397,mergesort
416000,0.28033540000001267,builtin
416000,3.9345875000001342,mergesort
417000,0.4403643999999076,builtin
417000,4.759881899999982,mergesort
418000,0.37021019999997407,builtin
418000,4.21273710000014,mergesort
419000,0.3861030999999002,builtin
419000,4.741787800000111,mergesort
420000,0.2985599999999522,builtin
420000,4.428108099999918,mergesort
421000,0.3266736000000492,builtin
421000,3.8146725999999944,mergesort
422000,0.27528060000008736,builtin
422000,3.761808699999847,mergesort
423000,0.2783498999999665,builtin
423000,3.9077852999998868,mergesort
424000,0.2716714000000593,builtin
424000,3.6720550999998522,mergesort
425000,0.2790577000000667,builtin
425000,3.7286725000001297,mergesort
426000,0.27538400000003094,builtin
426000,3.726861500000041,mergesort
427000,0.27410310000004756,builtin
427000,3.7897812999999587,mergesort
428000,0.2805453999999372,builtin
428000,3.864671699999917,mergesort
429000,0.33380800000009003,builtin
429000,4.748820099999875,mergesort
430000,0.285086500000034,builtin
430000,5.155041600000004,mergesort
431000,0.32748860000015156,builtin
431000,4.122465199999851,mergesort
432000,0.5244497999999567,builtin
432000,4.225473100000045,mergesort
433000,0.49516449999987344,builtin
433000,4.369920699999966,mergesort
434000,0.32369010000002163,builtin
434000,4.117897600000106,mergesort
435000,0.32558339999991404,builtin
435000,4.086694800000032,mergesort
436000,0.30734819999997853,builtin
436000,4.109606900000017,mergesort
437000,0.29689040000016576,builtin
437000,4.174309199999925,mergesort
438000,0.32402219999994486,builtin
438000,4.0538729999998395,mergesort
439000,0.38086490000000595,builtin
439000,4.1715043000001515,mergesort
440000,0.36227939999980663,builtin
440000,5.0751536000000215,mergesort
441000,0.31532900000001973,builtin
441000,4.271309700000074,mergesort
442000,0.2928469999999379,builtin
442000,4.222687199999882,mergesort
443000,0.34585179999999127,builtin
443000,3.9738514000000578,mergesort
444000,0.29338849999999184,builtin
444000,4.394471800000019,mergesort
445000,0.33014269999989665,builtin
445000,4.46368480000001,mergesort
446000,0.3301606999998512,builtin
446000,4.583690299999944,mergesort
447000,0.324740600000041,builtin
447000,4.252705800000058,mergesort
448000,0.31050870000012765,builtin
448000,4.506814399999939,mergesort
449000,0.3066360000000259,builtin
449000,4.733603899999935,mergesort
450000,0.29542930000002343,builtin
450000,4.593413499999997,mergesort
451000,0.33652280000001156,builtin
451000,4.163749499999994,mergesort
452000,0.2922908999998981,builtin
452000,4.343642400000135,mergesort
453000,0.30496610000000146,builtin
453000,4.037842400000045,mergesort
454000,0.2957647000000634,builtin
454000,4.522746600000119,mergesort
455000,0.3139512999998715,builtin
455000,4.00329459999989,mergesort
456000,0.30692009999984293,builtin
456000,4.10836919999997,mergesort
457000,0.29875540000011824,builtin
457000,4.300959799999873,mergesort
458000,0.29657320000001164,builtin
458000,4.168455600000016,mergesort
459000,0.3053783000000294,builtin
459000,4.062259499999982,mergesort
460000,0.30349120000005314,builtin
460000,4.134780699999965,mergesort
461000,0.3078087000001233,builtin
461000,4.216337000000067,mergesort
462000,0.30356860000006236,builtin
462000,4.059049200000118,mergesort
463000,0.31528000000002976,builtin
463000,4.398949799999855,mergesort
464000,0.4943858999999975,builtin
464000,5.410954000000174,mergesort
465000,0.30978059999984,builtin
465000,4.220692500000041,mergesort
466000,0.3079453000000285,builtin
466000,5.251616000000013,mergesort
467000,0.3552867000000788,builtin
467000,4.420242899999948,mergesort
468000,0.33608760000015536,builtin
468000,4.768300700000054,mergesort
469000,0.3555628000001434,builtin
469000,4.282487500000116,mergesort
470000,0.31190429999992375,builtin
470000,4.9584758000000875,mergesort
471000,0.32439260000001013,builtin
471000,4.412456199999951,mergesort
472000,0.30910319999998137,builtin
472000,4.340180700000019,mergesort
473000,0.3175329000000602,builtin
473000,4.590119400000049,mergesort
474000,0.35043369999993956,builtin
474000,4.450481100000161,mergesort
475000,0.3146968000000925,builtin
475000,4.450283800000079,mergesort
476000,0.3195117999998729,builtin
476000,4.456678099999863,mergesort
477000,0.34039419999999154,builtin
477000,4.3770884999999,mergesort
478000,0.3127567999999883,builtin
478000,4.46733119999999,mergesort
479000,0.36691259999997783,builtin
479000,4.6058534999999665,mergesort
480000,0.35599439999987226,builtin
480000,4.619900400000006,mergesort
481000,0.36745939999991606,builtin
481000,4.5049563000000035,mergesort
482000,0.3586912000000666,builtin
482000,4.761452500000132,mergesort
483000,0.36352869999996074,builtin
483000,4.855879999999843,mergesort
484000,0.34651579999990645,builtin
484000,4.629800599999953,mergesort
485000,0.32009160000006887,builtin
485000,4.375230600000123,mergesort
486000,0.3725977999999941,builtin
486000,4.749520000000075,mergesort
487000,0.3697748000001866,builtin
487000,4.677452500000072,mergesort
488000,0.33832950000009987,builtin
488000,4.477974099999983,mergesort
489000,0.3267343999998502,builtin
489000,4.6353141999998115,mergesort
490000,0.3514793000001646,builtin
490000,4.748975599999994,mergesort
491000,0.36716290000003937,builtin
491000,4.6748377000001256,mergesort
492000,0.33005290000005516,builtin
492000,4.495284500000025,mergesort
493000,0.3336116000000402,builtin
493000,4.469493399999919,mergesort
494000,0.3760091999999986,builtin
494000,4.817453900000146,mergesort
495000,0.36655289999998786,builtin
495000,5.037062000000105,mergesort
496000,0.3613302000001113,builtin
496000,4.891683899999862,mergesort
497000,0.33060840000007374,builtin
497000,5.525710500000059,mergesort
498000,0.35847110000008797,builtin
498000,4.798349800000096,mergesort
499000,0.33416399999987334,builtin
499000,4.807901299999912,mergesort
